aladdin_id,permid,issuer_name,inclusion_list_brs,ovr_list,affected_portfolio_str,affected_benchmark_str
R53273,4295866862,LVMH Moet Hennessy Louis Vuitton SE,['str_005_ec'],{'str_002_ec': 'EXCLUDED'},"['CPE03744', 'scs_001_sec', 'CPE05180', 'str_003b_ec', 'EPV00043', 'str_001_s', 'EPV00060', 'str_001_s', 'FIG00677', 'str_004_asec', 'FIG04868', 'str_sfdr8_aec', 'FIG04868', 'str_sfdr8_aec', 'FIG04868', 'str_sfdr8_aec', 'FIG05240', 'str_004_asec', 'FIG05241', 'str_004_asec', 'FIG05273', 'str_004_asec', 'FIG05428', 'str_sfdr8_aec', 'FIG05698', 'str_sfdr8_aec', 'FPB01158', 'str_004_asec', 'FPG00004', 'str_sfdr8_aec', 'FPG00005', 'str_sfdr8_aec', 'FPG00010', 'str_sfdr8_aec', 'FPG00018', 'str_sfdr8_aec', 'FPG00027', 'str_001_s', 'FPG00028', 'str_001_s', 'FPG00112', 'str_001_s', 'FPG00376', 'str_sfdr8_aec', 'FPG00603', 'str_001_s', 'FPG01119', 'str_sfdr8_aec', 'FPG01213', 'str_001_s', 'FPG01214', 'str_001_s', 'FPG01278', 'str_003_ec', 'FPG15900', 'str_sfdr8_aec', 'FPG20002', 'str_sfdr8_aec', 'FPH00706', 'str_sfdr8_aec', 'LXMS0020', 'str_sfdr8_aec', 'LXMS0020', 'str_sfdr8_aec', 'LXMS0240', 'str_sfdr8_aec', 'PFIT0011', 'str_sfdr8_aec', 'PFIT0011', 'str_sfdr8_aec', 'PFIT0516', 'str_sfdr8_aec', 'PFIT0605', 'str_sfdr8_aec', 'PFIT0605', 'str_sfdr8_aec', 'PFS00001', 'str_sfdr8_aec', 'PFS00001', 'str_sfdr8_aec', 'PFS00002', 'str_sfdr8_aec', 'PFS00059', 'str_sfdr8_aec', 'PFS00059', 'str_sfdr8_aec', 'PFS00365', 'str_sfdr8_aec']",[]
R60410,4298045899,Daimler Canada Finance Inc,['str_006_sec'],"{'str_002_ec': 'EXCLUDED', 'str_005_ec': 'EXCLUDED'}","['FIG00677', 'str_004_asec', 'FIG04868', 'str_sfdr8_aec', 'FPB01158', 'str_004_asec']",[]
R60254,4296471853,Volvo Treasury AB,"['str_005_ec', 'str_006_sec', 'scs_001_sec', 'scs_002_ec']","{'str_002_ec': 'EXCLUDED', 'cs_003_sec': 'EXCLUDED'}","['CPE00264', 'str_003b_ec', 'CPE03570', 'str_003b_ec', 'CPE04036', 'str_003b_ec', 'CPE05134', 'str_003b_ec', 'CPE05244', 'str_003b_ec', 'CPE05245', 'str_003b_ec', 'CPE05340', 'str_003b_ec', 'FIG00677', 'str_004_asec', 'FIG00677', 'str_004_asec', 'FIG00677', 'str_004_asec', 'FIG00677', 'str_004_asec', 'FIG01998', 'str_sfdr8_aec', 'FIG04868', 'str_sfdr8_aec', 'FIG04868', 'str_sfdr8_aec', 'FIG04868', 'str_sfdr8_aec', 'FIG04868', 'str_sfdr8_aec', 'FIG04868', 'str_sfdr8_aec', 'FIG04868', 'str_sfdr8_aec', 'FPB01158', 'str_004_asec', 'FPB01158', 'str_004_asec', 'FPB01158', 'str_004_asec', 'FPB01158', 'str_004_asec', 'LXMS0020', 'str_sfdr8_aec', 'PFI01549', 'str_sfdr8_aec', 'PFIT0011', 'str_sfdr8_aec', 'PFIT0011', 'str_sfdr8_aec', 'PFIT0011', 'str_sfdr8_aec', 'PFIT0011', 'str_sfdr8_aec', 'PFIT0011', 'str_sfdr8_aec', 'PFIT0605', 'str_sfdr8_aec', 'PFIT0605', 'str_sfdr8_aec', 'PFS00001', 'str_sfdr8_aec', 'PFS00002', 'str_sfdr8_aec', 'PFS00059', 'str_sfdr8_aec', 'PFS00059', 'str_sfdr8_aec']",[]
072730,4295869217,Bayer AG,"['str_001_s', 'str_002_ec', 'str_004_asec', 'str_005_ec', 'str_006_sec', 'scs_001_sec', 'scs_002_ec']","{'str_003_ec': 'EXCLUDED', 'str_sfdr8_aec': 'EXCLUDED'}","['CPE00035', 'str_003b_ec', 'CPE03002', 'str_003b_ec', 'CPE04036', 'str_003b_ec', 'CPE05151', 'str_003b_ec', 'CPE05189', 'str_003b_ec', 'CPE05190', 'str_003b_ec', 'CPE05191', 'str_003b_ec', 'CPE05261', 'str_003b_ec', 'CPE05318', 'str_003b_ec']",[]
K59821,5079693909,Traton Finance Luxembourg SA,"['str_005_ec', 'str_006_sec', 'scs_001_sec', 'scs_002_ec']","{'str_002_ec': 'EXCLUDED', 'str_003_ec': 'EXCLUDED'}","['EPV14005', 'str_001_s', 'FIG00677', 'str_004_asec', 'FIG00677', 'str_004_asec', 'FIG01998', 'str_sfdr8_aec', 'FIG01998', 'str_sfdr8_aec', 'FIG01998', 'str_sfdr8_aec', 'FIG04868', 'str_sfdr8_aec', 'FIG04868', 'str_sfdr8_aec', 'FIH01197', 'str_sfdr8_aec', 'FIN00315', 'str_sfdr8_aec', 'FIN00441', 'str_sfdr8_aec', 'FIN00441', 'str_sfdr8_aec', 'FIN00441', 'str_sfdr8_aec', 'FIN00441', 'str_sfdr8_aec', 'FIN00441', 'str_sfdr8_aec', 'FIN00441', 'str_sfdr8_aec', 'FPB01158', 'str_004_asec', 'FPB01158', 'str_004_asec', 'FPG01072', 'str_001_s', 'LXMS0020', 'str_sfdr8_aec', 'LXMS0020', 'str_sfdr8_aec', 'LXMS0020', 'str_sfdr8_aec', 'LXMS0730', 'str_sfdr8_aec', 'PFIT0011', 'str_sfdr8_aec', 'PFIT0011', 'str_sfdr8_aec', 'PFIT0605', 'str_sfdr8_aec', 'PFIT0605', 'str_sfdr8_aec', 'PFS00001', 'str_sfdr8_aec', 'PFS00001', 'str_sfdr8_aec', 'PFS00059', 'str_sfdr8_aec', 'PFS00059', 'str_sfdr8_aec']",[]
N15397,4296765192,BP Capital Markets PLC,"['str_004_asec', 'scs_002_ec']","{'str_002_ec': 'EXCLUDED', 'cs_003_sec': 'EXCLUDED', 'scs_002_ec': 'OK'}","['ADM0PSA1', 'scs_002_ec', 'LXMS0020', 'str_sfdr8_aec', 'LXMS0360', 'str_sfdr8_aec', 'LXMS0770', 'str_sfdr8_aec', 'PFI01549', 'str_sfdr8_aec', 'PFIT0605', 'str_sfdr8_aec', 'PFIT0605', 'str_sfdr8_aec', 'PFS00001', 'str_sfdr8_aec', 'PFS00059', 'str_sfdr8_aec', 'PFS00059', 'str_sfdr8_aec', 'PFS00365', 'str_sfdr8_aec']",[]
D34426,5001426741,ENEL Finance International NV,['scs_002_ec'],{'scs_002_ec': 'OK'},"['ADM0PSA1', 'scs_002_ec', 'EPV14005', 'str_001_s', 'FIG00677', 'str_004_asec', 'FIG00677', 'str_004_asec', 'FIG01998', 'str_sfdr8_aec', 'FIG01998', 'str_sfdr8_aec', 'FIG01998', 'str_sfdr8_aec', 'FIG01998', 'str_sfdr8_aec', 'FIG01998', 'str_sfdr8_aec', 'FIG01998', 'str_sfdr8_aec', 'FIG01998', 'str_sfdr8_aec', 'FIG02787', 'str_002_ec', 'FIG02787', 'str_002_ec', 'FIG04868', 'str_sfdr8_aec', 'FIG04868', 'str_sfdr8_aec', 'FIG04868', 'str_sfdr8_aec', 'FIG05240', 'str_004_asec', 'FIG05240', 'str_004_asec', 'FIG05240', 'str_004_asec', 'FIG05241', 'str_004_asec', 'FIG05241', 'str_004_asec', 'FIG05241', 'str_004_asec', 'FIG05402', 'str_004_asec', 'FIG05402', 'str_004_asec', 'FIG05402', 'str_004_asec', 'FIG05402', 'str_004_asec', 'FIG05402', 'str_004_asec', 'FIH01197', 'str_sfdr8_aec', 'FIN00315', 'str_sfdr8_aec', 'FIN00441', 'str_sfdr8_aec', 'FPB01158', 'str_004_asec', 'FPB01158', 'str_004_asec', 'FPG00233', 'str_sfdr8_aec', 'FPG01072', 'str_001_s', 'FPG01212', 'str_sfdr8_aec', 'FPG01212', 'str_sfdr8_aec', 'LXMS0020', 'str_sfdr8_aec', 'LXMS0020', 'str_sfdr8_aec', 'LXMS0020', 'str_sfdr8_aec', 'LXMS0020', 'str_sfdr8_aec', 'LXMS0020', 'str_sfdr8_aec', 'LXMS0020', 'str_sfdr8_aec', 'LXMS0020', 'str_sfdr8_aec', 'LXMS0360', 'str_sfdr8_aec', 'LXMS0360', 'str_sfdr8_aec', 'LXMS0360', 'str_sfdr8_aec', 'LXMS0360', 'str_sfdr8_aec', 'LXMS0730', 'str_sfdr8_aec', 'PFI01549', 'str_sfdr8_aec', 'PFI01549', 'str_sfdr8_aec', 'PFIT0011', 'str_sfdr8_aec', 'PFIT0011', 'str_sfdr8_aec', 'PFIT0011', 'str_sfdr8_aec', 'PFIT0605', 'str_sfdr8_aec', 'PFIT0605', 'str_sfdr8_aec', 'PFIT0605', 'str_sfdr8_aec', 'PFIT0605', 'str_sfdr8_aec', 'PFIT0605', 'str_sfdr8_aec', 'PFIT0605', 'str_sfdr8_aec', 'PFIT0605', 'str_sfdr8_aec', 'PFS00001', 'str_sfdr8_aec', 'PFS00001', 'str_sfdr8_aec', 'PFS00001', 'str_sfdr8_aec', 'PFS00001', 'str_sfdr8_aec', 'PFS00001', 'str_sfdr8_aec', 'PFS00001', 'str_sfdr8_aec', 'PFS00002', 'str_sfdr8_aec', 'PFS00002', 'str_sfdr8_aec', 'PFS00002', 'str_sfdr8_aec', 'PFS00002', 'str_sfdr8_aec', 'PFS00059', 'str_sfdr8_aec', 'PFS00059', 'str_sfdr8_aec', 'PFS00059', 'str_sfdr8_aec', 'PFS00059', 'str_sfdr8_aec', 'PFS00059', 'str_sfdr8_aec', 'PFS00059', 'str_sfdr8_aec', 'PFS00059', 'str_sfdr8_aec', 'PFS00365', 'str_sfdr8_aec', 'PFS00365', 'str_sfdr8_aec']",[]
R21880,4297665422,Schlumberger Finance BV,['str_004_asec'],{'scs_001_sec': 'EXCLUDED'},"['ADM0PSA1', 'scs_002_ec', 'ADM0PSA1', 'scs_002_ec', 'ADM0PSA2', 'scs_002_ec', 'FIG01998', 'str_sfdr8_aec', 'FIG02787', 'str_002_ec', 'LXMS0020', 'str_sfdr8_aec', 'PFIT0605', 'str_sfdr8_aec', 'PFS00001', 'str_sfdr8_aec', 'PFS00059', 'str_sfdr8_aec']",[]
F50451,5035956073,TotalEnergies Capital International SA,"['str_004_asec', 'str_005_ec', 'str_006_sec', 'scs_001_sec', 'scs_002_ec']","{'str_002_ec': 'EXCLUDED', 'cs_003_sec': 'EXCLUDED', 'scs_002_ec': 'OK'}","['ADM0PSA1', 'scs_002_ec', 'FIG01998', 'str_sfdr8_aec', 'FIG01998', 'str_sfdr8_aec', 'FIG01998', 'str_sfdr8_aec', 'LXMS0020', 'str_sfdr8_aec', 'LXMS0020', 'str_sfdr8_aec', 'LXMS0020', 'str_sfdr8_aec', 'PFI01549', 'str_sfdr8_aec', 'PFIT0605', 'str_sfdr8_aec', 'PFIT0605', 'str_sfdr8_aec', 'PFIT0605', 'str_sfdr8_aec', 'PFIT0605', 'str_sfdr8_aec', 'PFS00001', 'str_sfdr8_aec', 'PFS00001', 'str_sfdr8_aec', 'PFS00001', 'str_sfdr8_aec', 'PFS00002', 'str_sfdr8_aec', 'PFS00059', 'str_sfdr8_aec', 'PFS00059', 'str_sfdr8_aec', 'PFS00059', 'str_sfdr8_aec', 'PFS00059', 'str_sfdr8_aec']",[]
R59991,5000804106,UBS AG (London Branch),"['str_002_ec', 'str_005_ec']",,"['ADM0PSA1', 'scs_002_ec', 'ADM0PSA1', 'scs_002_ec', 'ADM0PSA2', 'scs_002_ec', 'FIG00677', 'str_004_asec', 'FIG00677', 'str_004_asec', 'FIG04868', 'str_sfdr8_aec', 'FIG05240', 'str_004_asec', 'FIG05241', 'str_004_asec', 'FIG05402', 'str_004_asec', 'FIH01197', 'str_sfdr8_aec', 'FIN00315', 'str_sfdr8_aec', 'FPB01158', 'str_004_asec', 'FPB01158', 'str_004_asec', 'FPB01158', 'str_004_asec', 'FPB01158', 'str_004_asec', 'PFIT0011', 'str_sfdr8_aec', 'PFIT0605', 'str_sfdr8_aec', 'PFIT0605', 'str_sfdr8_aec', 'PFS00001', 'str_sfdr8_aec', 'PFS00059', 'str_sfdr8_aec', 'PFS00059', 'str_sfdr8_aec']",[]
949740,8589934175,Wells Fargo & Co,"['str_001_s', 'str_002_ec', 'str_003_ec', 'str_003b_ec', 'str_004_asec', 'str_005_ec', 'str_006_sec', 'scs_001_sec', 'scs_002_ec']",{'str_sfdr8_aec': 'EXCLUDED'},"['ADM0PSA1', 'scs_002_ec', 'ADM0PSA1', 'scs_002_ec', 'ADM0PSA1', 'scs_002_ec', 'ADM0PSA2', 'scs_002_ec']",[]
R61893,5000006270,Leaseplan Corporation NV,['str_002_ec'],,"['CPE03002', 'str_003b_ec', 'FIG00677', 'str_004_asec', 'FIG04868', 'str_sfdr8_aec', 'FIG05402', 'str_004_asec', 'FIG05698', 'str_sfdr8_aec', 'FIG05698', 'str_sfdr8_aec', 'FPB01158', 'str_004_asec', 'LXMS0770', 'str_sfdr8_aec', 'PFIT0605', 'str_sfdr8_aec', 'PFS00059', 'str_sfdr8_aec']",[]
R66203,4298117023,Mercedes-Benz International Finance BV,"['str_005_ec', 'str_006_sec']","{'str_002_ec': 'EXCLUDED', 'scs_001_sec': 'OK', 'cs_003_sec': 'OK'}","['FIG00677', 'str_004_asec', 'FIG00677', 'str_004_asec', 'FIG00677', 'str_004_asec', 'FIG00677', 'str_004_asec', 'FIG01998', 'str_sfdr8_aec', 'FIG01998', 'str_sfdr8_aec', 'FIG04868', 'str_sfdr8_aec', 'FIG04868', 'str_sfdr8_aec', 'FIG04868', 'str_sfdr8_aec', 'FIG05240', 'str_004_asec', 'FIG05240', 'str_004_asec', 'FIG05241', 'str_004_asec', 'FIG05241', 'str_004_asec', 'FIG05402', 'str_004_asec', 'FIG05402', 'str_004_asec', 'FPB01158', 'str_004_asec', 'FPB01158', 'str_004_asec', 'FPB01158', 'str_004_asec', 'FPB01158', 'str_004_asec', 'LXMS0020', 'str_sfdr8_aec', 'LXMS0020', 'str_sfdr8_aec', 'PFIT0011', 'str_sfdr8_aec', 'PFIT0011', 'str_sfdr8_aec', 'PFIT0605', 'str_sfdr8_aec', 'PFIT0605', 'str_sfdr8_aec', 'PFIT0605', 'str_sfdr8_aec', 'PFS00001', 'str_sfdr8_aec', 'PFS00001', 'str_sfdr8_aec', 'PFS00002', 'str_sfdr8_aec', 'PFS00002', 'str_sfdr8_aec', 'PFS00059', 'str_sfdr8_aec', 'PFS00059', 'str_sfdr8_aec', 'PFS00059', 'str_sfdr8_aec']",[]
G84142,5043319761,Stellantis NV,['str_006_sec'],{'str_002_ec': 'EXCLUDED'},"['EPV00043', 'str_001_s', 'FIG02164', 'str_sfdr8_aec', 'FPG00112', 'str_001_s', 'LXMS0020', 'str_sfdr8_aec', 'LXMS0020', 'str_sfdr8_aec', 'LXMS0040', 'str_sfdr8_aec', 'LXMS0240', 'str_sfdr8_aec', 'PFI01549', 'str_sfdr8_aec', 'PFIT0516', 'str_sfdr8_aec', 'PFIT0605', 'str_sfdr8_aec', 'PFS00001', 'str_sfdr8_aec', 'PFS00001', 'str_sfdr8_aec', 'PFS00002', 'str_sfdr8_aec', 'PFS00059', 'str_sfdr8_aec', 'PFS00365', 'str_sfdr8_aec']",[]
R62247,4296540381,Volkswagen Financial Services AG,['scs_002_ec'],"{'str_002_ec': 'EXCLUDED', 'str_003_ec': 'EXCLUDED', 'str_005_ec': 'EXCLUDED', 'str_006_sec': 'EXCLUDED', 'scs_001_sec': 'EXCLUDED', 'cs_003_sec': 'EXCLUDED'}","['FIG00677', 'str_004_asec', 'FIG00677', 'str_004_asec', 'FIG01998', 'str_sfdr8_aec', 'FIG04868', 'str_sfdr8_aec', 'FIG05240', 'str_004_asec', 'FIG05241', 'str_004_asec', 'FIG05402', 'str_004_asec', 'FIG05698', 'str_sfdr8_aec', 'FIH01197', 'str_sfdr8_aec', 'FIN00315', 'str_sfdr8_aec', 'FIN00441', 'str_sfdr8_aec', 'FPB01158', 'str_004_asec', 'FPB01158', 'str_004_asec', 'LXMS0020', 'str_sfdr8_aec', 'LXMS0020', 'str_sfdr8_aec', 'PFI01549', 'str_sfdr8_aec', 'PFIT0011', 'str_sfdr8_aec', 'PFIT0011', 'str_sfdr8_aec', 'PFIT0605', 'str_sfdr8_aec', 'PFS00001', 'str_sfdr8_aec', 'PFS00002', 'str_sfdr8_aec', 'PFS00059', 'str_sfdr8_aec']",[]
928634,4296694478,Volkswagen International Finance NV,"['str_005_ec', 'str_006_sec', 'scs_001_sec', 'scs_002_ec']","{'str_002_ec': 'EXCLUDED', 'str_003_ec': 'EXCLUDED'}","['CPE04070', 'str_003b_ec', 'CPE05162', 'str_003b_ec', 'CPE05189', 'str_003b_ec', 'CPE05190', 'str_003b_ec', 'FIG00677', 'str_004_asec', 'FIG00677', 'str_004_asec', 'FIG00677', 'str_004_asec', 'FIG01998', 'str_sfdr8_aec', 'FIG01998', 'str_sfdr8_aec', 'FIG01998', 'str_sfdr8_aec', 'FIG01998', 'str_sfdr8_aec', 'FIG04868', 'str_sfdr8_aec', 'FIG04868', 'str_sfdr8_aec', 'FIG04868', 'str_sfdr8_aec', 'FIG04868', 'str_sfdr8_aec', 'FIG05240', 'str_004_asec', 'FIG05240', 'str_004_asec', 'FIG05241', 'str_004_asec', 'FIG05241', 'str_004_asec', 'FIG05241', 'str_004_asec', 'FIG05402', 'str_004_asec', 'FIG05402', 'str_004_asec', 'FIG05402', 'str_004_asec', 'FIG05402', 'str_004_asec', 'FIG05402', 'str_004_asec', 'FIG05698', 'str_sfdr8_aec', 'FIH01197', 'str_sfdr8_aec', 'FIN00315', 'str_sfdr8_aec', 'FIN00441', 'str_sfdr8_aec', 'FPB01158', 'str_004_asec', 'FPB01158', 'str_004_asec', 'FPB01158', 'str_004_asec', 'FPB01158', 'str_004_asec', 'LXMS0020', 'str_sfdr8_aec', 'LXMS0020', 'str_sfdr8_aec', 'LXMS0580', 'str_sfdr8_aec', 'LXMS0580', 'str_sfdr8_aec', 'LXMS0730', 'str_sfdr8_aec', 'LXMS0770', 'str_sfdr8_aec', 'PFIT0011', 'str_sfdr8_aec', 'PFIT0011', 'str_sfdr8_aec', 'PFIT0605', 'str_sfdr8_aec', 'PFIT0605', 'str_sfdr8_aec', 'PFIT0605', 'str_sfdr8_aec', 'PFIT0647', 'str_sfdr8_aec', 'PFS00001', 'str_sfdr8_aec', 'PFS00059', 'str_sfdr8_aec', 'PFS00059', 'str_sfdr8_aec', 'PFS00059', 'str_sfdr8_aec']",[]
233830,4295869694,Mercedes Benz Group AG,['str_006_sec'],"{'str_002_ec': 'EXCLUDED', 'str_005_ec': 'EXCLUDED'}","['EPV00043', 'str_001_s', 'EPV00060', 'str_001_s', 'FIG04868', 'str_sfdr8_aec', 'FIG05240', 'str_004_asec', 'FIG05241', 'str_004_asec', 'FIG05402', 'str_004_asec', 'FIG05428', 'str_sfdr8_aec', 'FIG05698', 'str_sfdr8_aec', 'FPG00004', 'str_sfdr8_aec', 'FPG00005', 'str_sfdr8_aec', 'FPG00010', 'str_sfdr8_aec', 'FPG00018', 'str_sfdr8_aec', 'FPG00027', 'str_001_s', 'FPG00028', 'str_001_s', 'FPG00112', 'str_001_s', 'FPG00376', 'str_sfdr8_aec', 'FPG00603', 'str_001_s', 'FPG01119', 'str_sfdr8_aec', 'FPG01213', 'str_001_s', 'FPG01214', 'str_001_s', 'FPG01278', 'str_003_ec', 'FPG15900', 'str_sfdr8_aec', 'FPG20002', 'str_sfdr8_aec', 'FPH00706', 'str_sfdr8_aec', 'LXMS0020', 'str_sfdr8_aec', 'LXMS0240', 'str_sfdr8_aec', 'PFI01549', 'str_sfdr8_aec', 'PFIT0516', 'str_sfdr8_aec', 'PFIT0605', 'str_sfdr8_aec', 'PFS00001', 'str_sfdr8_aec', 'PFS00002', 'str_sfdr8_aec', 'PFS00059', 'str_sfdr8_aec', 'PFS00365', 'str_sfdr8_aec', 'PFS00365', 'str_sfdr8_aec']",[]
767204,4295894786,Rio Tinto PLC,['str_004_asec'],"{'str_001_s': 'FLAG', 'str_002_ec': 'EXCLUDED', 'str_003_ec': 'FLAG', 'str_006_sec': 'FLAG', 'str_sfdr8_aec': 'FLAG', 'scs_001_sec': 'FLAG', 'cs_003_sec': 'FLAG', 'scs_002_ec': 'FLAG'}","['FIG02164', 'str_sfdr8_aec', 'LXMS0040', 'str_sfdr8_aec']",[]
C08189,4295885039,Shell PLC,"['str_004_asec', 'scs_002_ec']","{'str_001_s': 'FLAG', 'str_002_ec': 'EXCLUDED', 'str_006_sec': 'FLAG', 'str_sfdr8_aec': 'FLAG', 'cs_003_sec': nan}","['EPV00043', 'str_001_s', 'EPV00060', 'str_001_s', 'FIG05428', 'str_sfdr8_aec', 'FPG00027', 'str_001_s', 'FPG00028', 'str_001_s', 'FPG00112', 'str_001_s', 'FPG00603', 'str_001_s', 'FPG01213', 'str_001_s', 'FPG01214', 'str_001_s', 'LXMS0240', 'str_sfdr8_aec', 'PFIT0516', 'str_sfdr8_aec']",[]
C16927,4297399586,Telefonica Emisiones SAU,['scs_002_ec'],{'scs_002_ec': 'OK'},"['CPE03519', 'str_003b_ec', 'CPE05162', 'str_003b_ec', 'EPV14005', 'str_001_s', 'FIG00677', 'str_004_asec', 'FIG00677', 'str_004_asec', 'FIG01998', 'str_sfdr8_aec', 'FIG01998', 'str_sfdr8_aec', 'FIG01998', 'str_sfdr8_aec', 'FIG01998', 'str_sfdr8_aec', 'FIG02787', 'str_002_ec', 'FIG02787', 'str_002_ec', 'FIG04868', 'str_sfdr8_aec', 'FIG05240', 'str_004_asec', 'FIG05240', 'str_004_asec', 'FIG05241', 'str_004_asec', 'FIG05241', 'str_004_asec', 'FIG05402', 'str_004_asec', 'FIG05402', 'str_004_asec', 'FIG05402', 'str_004_asec', 'FIH01197', 'str_sfdr8_aec', 'FIN00315', 'str_sfdr8_aec', 'FPB01158', 'str_004_asec', 'FPB01158', 'str_004_asec', 'FPG01072', 'str_001_s', 'LXMS0020', 'str_sfdr8_aec', 'LXMS0020', 'str_sfdr8_aec', 'LXMS0020', 'str_sfdr8_aec', 'LXMS0020', 'str_sfdr8_aec', 'LXMS0360', 'str_sfdr8_aec', 'PFI01549', 'str_sfdr8_aec', 'PFI01549', 'str_sfdr8_aec', 'PFIT0011', 'str_sfdr8_aec', 'PFIT0605', 'str_sfdr8_aec', 'PFIT0605', 'str_sfdr8_aec', 'PFIT0605', 'str_sfdr8_aec', 'PFS00001', 'str_sfdr8_aec', 'PFS00001', 'str_sfdr8_aec', 'PFS00001', 'str_sfdr8_aec', 'PFS00002', 'str_sfdr8_aec', 'PFS00002', 'str_sfdr8_aec', 'PFS00059', 'str_sfdr8_aec', 'PFS00059', 'str_sfdr8_aec', 'PFS00059', 'str_sfdr8_aec', 'PFS00365', 'str_sfdr8_aec']",[]
891753,5001170594,TotalEnergies SE,"['str_004_asec', 'str_005_ec', 'str_006_sec', 'scs_001_sec', 'scs_002_ec']",{'str_002_ec': 'EXCLUDED'},"['EPV00043', 'str_001_s', 'EPV00060', 'str_001_s', 'FIG01998', 'str_sfdr8_aec', 'FIG01998', 'str_sfdr8_aec', 'FIG02164', 'str_sfdr8_aec', 'FIG05428', 'str_sfdr8_aec', 'FPG00027', 'str_001_s', 'FPG00028', 'str_001_s', 'FPG00112', 'str_001_s', 'FPG00233', 'str_sfdr8_aec', 'FPG00603', 'str_001_s', 'FPG01213', 'str_001_s', 'FPG01214', 'str_001_s', 'LXMS0020', 'str_sfdr8_aec', 'LXMS0020', 'str_sfdr8_aec', 'LXMS0040', 'str_sfdr8_aec', 'LXMS0240', 'str_sfdr8_aec', 'LXMS0580', 'str_sfdr8_aec', 'PFIT0516', 'str_sfdr8_aec', 'PFIT0605', 'str_sfdr8_aec', 'PFIT0605', 'str_sfdr8_aec', 'PFS00001', 'str_sfdr8_aec', 'PFS00001', 'str_sfdr8_aec', 'PFS00002', 'str_sfdr8_aec', 'PFS00059', 'str_sfdr8_aec', 'PFS00059', 'str_sfdr8_aec']",[]
92857L,4295896661,Vodafone Group PLC,['scs_002_ec'],{'str_002_ec': 'EXCLUDED'},"['CPE00277', 'str_003b_ec', 'CPE03867', 'str_003b_ec', 'CPE04070', 'str_003b_ec', 'CPE05162', 'str_003b_ec', 'CPE05162', 'str_003b_ec', 'CPE05180', 'str_003b_ec', 'FIG01998', 'str_sfdr8_aec', 'LXMS0020', 'str_sfdr8_aec', 'LXMS0360', 'str_sfdr8_aec', 'LXMS0770', 'str_sfdr8_aec', 'PFI01549', 'str_sfdr8_aec', 'PFIT0605', 'str_sfdr8_aec', 'PFIT0647', 'str_sfdr8_aec', 'PFIT1830', 'str_sfdr8_aec', 'PFS00059', 'str_sfdr8_aec']",[]
R80230,4295890024,Volvo AB,"['str_005_ec', 'str_006_sec', 'scs_001_sec', 'scs_002_ec']",{'str_002_ec': 'EXCLUDED'},"['FIG02164', 'str_sfdr8_aec', 'LXMS0040', 'str_sfdr8_aec']",[]
R55600,4295884844,Koninklijke KPN NV,"['str_006_sec', 'scs_002_ec']",{'str_002_ec': 'EXCLUDED'},"['CPE03744', 'scs_001_sec', 'FIG02164', 'str_sfdr8_aec', 'LXMS0020', 'str_sfdr8_aec', 'LXMS0020', 'str_sfdr8_aec', 'LXMS0040', 'str_sfdr8_aec', 'PFIT0605', 'str_sfdr8_aec', 'PFIT0605', 'str_sfdr8_aec', 'PFS00001', 'str_sfdr8_aec', 'PFS00001', 'str_sfdr8_aec', 'PFS00059', 'str_sfdr8_aec', 'PFS00059', 'str_sfdr8_aec']",[]
R61248,4296358021,Deutsche Bank AG (New York Branch),['str_005_ec'],,"['CPE03853', 'str_003b_ec', 'CPE05318', 'str_003b_ec', 'LXMS0360', 'str_sfdr8_aec', 'LXMS0360', 'str_sfdr8_aec']",[]
R56459,4295875783,Telecom Italia SpA,['scs_002_ec'],{'str_002_ec': 'EXCLUDED'},"['CPE05137', 'str_003b_ec', 'CPE05152', 'str_003b_ec']",[]
R23802,4298009174,Glencore Funding LLC,"['str_004_asec', 'scs_001_sec']","{'str_001_s': 'EXCLUDED', 'str_003_ec': 'EXCLUDED', 'str_006_sec': 'EXCLUDED', 'cs_003_sec': 'OK'}","['CPE05152', 'str_003b_ec']",[]
C08379,4296555134,Norddeutsche Landesbank Girozentrale,"['str_001_s', 'str_004_asec', 'str_006_sec', 'scs_001_sec']",,"['FIN00441', 'str_sfdr8_aec']",[]
F54452,5014440350,Schlumberger Holdings Corp,['str_004_asec'],{'scs_001_sec': 'EXCLUDED'},"['LXMS0360', 'str_sfdr8_aec', 'LXMS0360', 'str_sfdr8_aec']",[]
R37134,4297287830,Infraestruturas de Portugal SA,"['str_004_asec', 'scs_001_sec']",,"['EPV00005', 'str_001_s', 'FIH00208', 'str_sfdr8_aec', 'FPG00002', 'str_001_s']",[]
R57809,4295869244,Volkswagen AG,"['str_005_ec', 'str_006_sec', 'scs_001_sec', 'scs_002_ec']","{'str_002_ec': 'EXCLUDED', 'str_003_ec': 'EXCLUDED'}","['FIG05698', 'str_sfdr8_aec', 'LXMS0580', 'str_sfdr8_aec']",[]
K50362,5076380855,BP Capital Markets BV,['scs_002_ec'],"{'str_002_ec': 'EXCLUDED', 'str_004_asec': 'EXCLUDED', 'scs_002_ec': 'OK'}","['FIG01998', 'str_sfdr8_aec', 'FIG01998', 'str_sfdr8_aec', 'FIG01998', 'str_sfdr8_aec', 'LXMS0020', 'str_sfdr8_aec', 'PFIT0605', 'str_sfdr8_aec', 'PFS00001', 'str_sfdr8_aec', 'PFS00059', 'str_sfdr8_aec']",[]
H65984,5037612284,Repsol Europe Finance SARL,['scs_002_ec'],"{'str_004_asec': 'EXCLUDED', 'scs_002_ec': 'OK'}","['FIG01998', 'str_sfdr8_aec', 'FIG02787', 'str_002_ec', 'FIG05698', 'str_sfdr8_aec', 'LXMS0020', 'str_sfdr8_aec', 'PFIT0605', 'str_sfdr8_aec', 'PFS00001', 'str_sfdr8_aec', 'PFS00002', 'str_sfdr8_aec', 'PFS00059', 'str_sfdr8_aec']",[]
R85855,4297475585,Shell International Finance BV,"['str_004_asec', 'scs_002_ec']","{'str_001_s': 'FLAG', 'str_002_ec': 'EXCLUDED', 'str_006_sec': 'FLAG', 'str_sfdr8_aec': 'FLAG', 'cs_003_sec': 'EXCLUDED', 'scs_002_ec': 'FLAG'}","['FIG01998', 'str_sfdr8_aec', 'FIG01998', 'str_sfdr8_aec', 'LXMS0020', 'str_sfdr8_aec', 'PFI01549', 'str_sfdr8_aec', 'PFIT0605', 'str_sfdr8_aec', 'PFIT0605', 'str_sfdr8_aec', 'PFIT0605', 'str_sfdr8_aec', 'PFS00001', 'str_sfdr8_aec', 'PFS00002', 'str_sfdr8_aec', 'PFS00059', 'str_sfdr8_aec', 'PFS00059', 'str_sfdr8_aec', 'PFS00059', 'str_sfdr8_aec', 'PFS00365', 'str_sfdr8_aec']",[]
D64343,5000617533,TotalEnergies Capital Canada Ltd,"['str_004_asec', 'str_005_ec', 'str_006_sec', 'scs_001_sec', 'scs_002_ec']","{'str_002_ec': 'EXCLUDED', 'cs_003_sec': 'EXCLUDED', 'scs_002_ec': 'OK'}","['FIG01998', 'str_sfdr8_aec']",[]
R73014,4296676289,TotalEnergies Capital SA,"['str_004_asec', 'str_005_ec', 'str_006_sec', 'scs_001_sec', 'scs_002_ec']","{'str_002_ec': 'EXCLUDED', 'cs_003_sec': 'EXCLUDED', 'scs_002_ec': 'OK'}","['LXMS0360', 'str_sfdr8_aec']",[]
G56164,5042385966,Volkswagen Group of America Finance LLC,"['str_005_ec', 'str_006_sec', 'scs_001_sec', 'scs_002_ec']","{'str_002_ec': 'EXCLUDED', 'str_003_ec': 'EXCLUDED'}","['LXMS0360', 'str_sfdr8_aec', 'LXMS0360', 'str_sfdr8_aec', 'LXMS0360', 'str_sfdr8_aec', 'LXMS0360', 'str_sfdr8_aec']",[]
R92985,5000029986,BP Capital Markets America Inc,"['str_004_asec', 'scs_002_ec']","{'str_002_ec': 'EXCLUDED', 'cs_003_sec': 'EXCLUDED', 'scs_002_ec': 'OK'}","['LXMS0360', 'str_sfdr8_aec']",[]
R59791,4296302205,ENI USA Inc,"['str_004_asec', 'scs_002_ec']","{'scs_001_sec': 'EXCLUDED', 'scs_002_ec': 'OK'}","['LXMS0360', 'str_sfdr8_aec']",[]
